{
  "homography_matrix": [
    [
      0.016631519335189776,
      -0.23349225079216068,
      265.4017210266477
    ],
    [
      -0.17547583026525695,
      0.006280695927165138,
      134.49236756266276
    ],
    [
      0.00017434858132630863,
      -0.0003051018956750647,
      1.0
    ]
  ],
  "observe_angles": [
    7.64,
    -32.6,
    -34.01,
    -32.78,
    6.15,
    146.77
  ],
  "observe_z": 180,
  "pixel_points": [
    [
      442.4353942871094,
      187.53456115722656
    ],
    [
      1138.4776611328125,
      190.7139892578125
    ],
    [
      1103.5203857421875,
      631.7189331054688
    ],
    [
      453.5789489746094,
      621.1078491210938
    ]
  ],
  "robot_points": [
    [
      224.5,
      56.900001525878906
    ],
    [
      210.3000030517578,
      -56.20000076293945
    ],
    [
      136.3000030517578,
      -55.20000076293945
    ],
    [
      143.8000030517578,
      66.0999984741211
    ]
  ],
  "average_error": 5.272261273477583e-14,
  "max_error": 6.703246762680666e-14,
  "pattern_size": [
    7,
    5
  ]
}