{
  "homography_matrix": [
    [
      -0.2866612732728193,
      -0.01878526464742428,
      108.58450081803015
    ],
    [
      0.03238052214963805,
      0.2561362275856684,
      -191.01376989762608
    ],
    [
      -0.0002617668924763935,
      1.0666876649940182e-06,
      1.0
    ]
  ],
  "observe_angles": [
    -75.05,
    32.6,
    -109.24,
    -8.26,
    1.14,
    149.67
  ],
  "observe_z": 200,
  "pixel_points": [
    [
      171.79098510742188,
      47.25550842285156
    ],
    [
      517.4466552734375,
      42.69821548461914
    ],
    [
      520.6503295898438,
      277.50390625
    ],
    [
      167.78807067871094,
      277.2237854003906
    ]
  ],
  "robot_points": [
    [
      61.2,
      -181.5
    ],
    [
      -46.9,
      -188.9
    ],
    [
      -53.1,
      -119.3
    ],
    [
      57.8,
      -119.8
    ]
  ],
  "average_error": 3.402987050174846e-06,
  "max_error": 6.291359906506664e-06,
  "pattern_size": [
    7,
    5
  ]
}